score_band,samples,mae,rmse,mean_signed_error,risk_accuracy,actual_risk_rate
abaixo_6,5756,1.019718643762843,1.3762850338498684,0.8249845960783606,0.7510423905489924,1.0
6_a_6_99,3063,0.8870402593559691,1.1525115955181244,0.4740997792400761,0.6940907606921319,0.0
7_a_7_99,3476,0.8145406428936792,1.0091789360529733,0.19195379400559648,0.8708285385500575,0.0
8_a_8_99,4220,0.7270473495821989,0.9201808510643333,-0.12203520374154529,0.9490521327014217,0.0
9_ou_mais,10012,0.5669361963558726,0.8236891245154294,-0.4496505592092225,0.9916100679184978,0.0
