NomeSerie,samples,mae,rmse,mean_signed_error,risk_accuracy,actual_risk_rate
9º Ano,3698,0.8493452816354717,1.1436487322220978,0.06698464922317568,0.8436992969172525,0.21498107084910761
3ª Série,5053,0.844298835666299,1.1329738312597852,0.03783401348501947,0.8697803285177123,0.260835147437166
2ª Série,4756,0.839899621606038,1.1453406666322994,0.17526202650254785,0.8521867115222876,0.2783851976450799
1ª Série,5432,0.8119409547525634,1.0930742436244933,0.1192026242602953,0.8575110456553755,0.2693298969072165
8º Ano,2098,0.619413845645611,0.8386543150554817,0.14057130767782233,0.9523355576739753,0.13775023832221164
6º Ano,2610,0.5959753634122766,0.8276014647683626,-0.0344301599988027,0.9478927203065134,0.1053639846743295
7º Ano,2880,0.5190904286118061,0.7364700269382115,-0.09509543531095556,0.9413194444444445,0.10138888888888889
